Ano;Área Prevista (km²)
2025;2494.635889178375
2026;2404.6823163105582
2027;2314.728743442771
2028;2224.7751705749542
2029;2134.8215977071377
2030;2044.8680248393212
